name,age,email,country,balance
Dillon Mcconnell,64,est@yahoo.edu,Norway,"$1,785.62"
Christopher Sharp,47,ultricies@google.net,Norway,"$2,514.11"
Felix Medina,43,felis.adipiscing@hotmail.org,Colombia,"$1,354.80"
Linus Holder,24,malesuada.id@icloud.com,Australia,"$2,540.87"
Olga Ruiz,32,montes.nascetur@aol.edu,Germany,"$2,526.87"
Jonas Sellers,64,sagittis.nullam@hotmail.couk,Austria,"$3,897.42"
Hall Dale,17,non.lacinia.at@google.net,Germany,$661.80
Thomas Small,78,magnis.dis@hotmail.edu,Mexico,$167.17
Barry Schroeder,42,massa.suspendisse@hotmail.couk,Vietnam,"$3,026.01"
Hall Morse,88,tortor.nibh@yahoo.com,Austria,"$3,482.03"
Harding Bender,92,justo.eu@icloud.edu,Germany,"$4,932.39"
Walter Mcmillan,46,nec.mollis.vitae@yahoo.ca,Germany,"$1,287.04"
Theodore Walton,53,lacus.aliquam@outlook.edu,Chile,"$4,768.51"
Martena Everett,66,feugiat.tellus@icloud.net,Pakistan,"$3,656.08"
Yoshio Roy,67,tortor.nunc@aol.edu,Singapore,"$2,404.85"
Kitra Leach,58,amet@outlook.couk,India,"$1,246.52"
Nash Baxter,56,dis@google.edu,Spain,"$3,384.64"
Belle Allen,50,elit.elit.fermentum@outlook.com,Nigeria,"$1,124.60"
Shellie Douglas,82,augue@hotmail.com,Pakistan,"$4,166.02"
Burke Marshall,31,nunc@outlook.ca,United Kingdom,"$1,844.79"
Lawrence Singleton,59,cum.sociis@icloud.edu,Singapore,"$2,363.69"
Garrison Goodman,89,nunc.in.at@outlook.org,Pakistan,"$3,177.26"
Basil Carpenter,55,dui.in.sodales@google.org,Mexico,"$1,255.72"
Aquila Franks,43,pharetra@google.edu,Spain,$327.91
Iliana Vaughn,37,sollicitudin.adipiscing@yahoo.com,India,"$1,522.36"
Axel Curtis,20,erat.eget@hotmail.com,South Korea,"$4,460.00"
Ulric Whitley,23,tristique@hotmail.edu,Norway,"$1,648.39"
Coby Bridges,17,quam.quis@protonmail.couk,United States,"$3,127.60"
Melissa Foley,65,ac@outlook.org,Vietnam,"$4,663.76"
Diana Knowles,64,mi.duis@outlook.com,Australia,"$1,214.57"
Sawyer Rosales,75,arcu.vivamus@aol.com,Netherlands,"$1,653.63"
Galvin Wilkinson,40,erat@icloud.couk,Spain,$984.52
Melanie Dickerson,61,ipsum.donec@protonmail.com,Nigeria,"$2,722.47"
Kylynn Rojas,27,vestibulum.ut@yahoo.couk,South Korea,"$2,907.03"
Timon Holcomb,53,metus@protonmail.couk,Ireland,"$4,368.01"
Anthony Tucker,49,placerat.eget@outlook.edu,Brazil,"$1,028.81"
Rebekah Kline,93,scelerisque@hotmail.couk,Vietnam,"$4,673.81"
Moses Lambert,75,elit.erat@yahoo.ca,Singapore,$987.47
Yoshi Heath,27,amet.faucibus.ut@google.net,Mexico,"$4,736.93"
Sawyer Hayes,79,egestas.hendrerit.neque@icloud.org,Australia,"$4,558.53"
Bo Reeves,72,nunc.pulvinar@yahoo.couk,Italy,"$1,869.01"
Jescie Strong,53,mollis.non@outlook.org,United Kingdom,"$3,429.49"
Sydney Gutierrez,73,varius@yahoo.net,Brazil,"$1,090.17"
Celeste Waller,52,luctus@aol.org,Italy,"$3,384.57"
Martina Camacho,35,donec@yahoo.edu,Austria,"$3,817.72"
Erich Haney,73,penatibus.et.magnis@protonmail.com,China,$763.91
Addison Barton,78,lorem@hotmail.edu,Australia,"$4,065.76"
William Swanson,42,enim.consequat@icloud.ca,New Zealand,"$2,144.10"
Tanner Reilly,79,sit.amet.ultricies@aol.com,France,"$1,964.55"
Isabella Gilbert,51,magna.lorem@protonmail.ca,United States,"$3,458.17"
Hasad Banks,51,a.malesuada.id@icloud.org,Singapore,"$1,961.47"
Kato Joyner,94,malesuada.ut.sem@aol.net,Turkey,"$3,951.76"
Ray Boyer,41,iaculis@google.couk,Chile,$278.45
Erich Dalton,84,ante.dictum@protonmail.ca,Netherlands,"$2,609.56"
Iris Hughes,67,et.libero@protonmail.couk,France,"$1,425.97"
Neil Phelps,79,ut.sagittis@outlook.ca,Australia,"$4,897.41"
Colette Howard,29,cubilia.curae.phasellus@yahoo.com,Philippines,"$1,625.23"
Jemima Bonner,90,non.dui@yahoo.edu,Chile,"$4,107.80"
Tana Ellison,75,nulla.dignissim@protonmail.com,Belgium,$836.62
Giselle Gross,38,magna.a@protonmail.ca,Singapore,$94.12
Jessica Walls,55,amet.ante@icloud.org,South Africa,"$3,140.78"
Pamela Kirby,89,cursus.et@yahoo.com,Vietnam,"$1,679.46"
Chelsea Washington,25,eget.tincidunt@protonmail.edu,South Korea,"$3,033.81"
Idona Savage,37,a.felis@outlook.edu,Turkey,"$2,439.36"
Randall Anderson,22,ridiculus.mus@icloud.couk,Germany,"$2,465.46"
Remedios Boyer,62,suscipit.est@google.com,South Africa,"$3,604.75"
Harlan Talley,89,id.nunc.interdum@hotmail.edu,Canada,"$4,464.04"
Raven York,64,felis.ullamcorper@protonmail.com,Canada,$53.33
Sonia Davis,83,non.justo@icloud.com,Chile,"$4,309.81"
Ethan Jensen,28,nec.eleifend@hotmail.net,China,$352.14
Logan Jefferson,77,non@aol.ca,Ireland,"$1,281.26"
Emery Burnett,57,amet.ultricies@aol.com,Austria,"$4,616.49"
Brendan Luna,98,in.tempus@outlook.net,Mexico,"$4,706.65"
Cade Lott,73,vel.mauris.integer@yahoo.org,Belgium,"$2,883.23"
Mechelle Joyner,36,tempor@yahoo.net,Peru,$351.18
Ulla Maxwell,36,id@icloud.couk,Peru,"$4,877.58"
Jasper Sweeney,25,eu.nibh.vulputate@google.couk,Peru,"$2,100.09"
Ezekiel Burton,58,pede.nunc@outlook.couk,Netherlands,"$4,007.98"
Rudyard Herman,91,commodo.tincidunt@aol.couk,Costa Rica,"$3,300.28"
Jasmine Vega,62,tellus@hotmail.com,Australia,$109.41
Oren Briggs,48,egestas.aliquam@protonmail.ca,Mexico,$599.10
Iola Chen,96,mi.lacinia@yahoo.com,Mexico,"$3,631.35"
Ryder Rivera,45,penatibus.et.magnis@hotmail.ca,Nigeria,$416.09
Francesca Vance,72,tristique.aliquet.phasellus@outlook.couk,Chile,"$3,468.17"
Daphne Coffey,68,blandit@aol.org,Netherlands,"$4,061.66"
Gary Roach,88,volutpat.ornare@protonmail.edu,Canada,"$2,138.15"
Simone Castillo,76,risus.nunc@icloud.org,Ukraine,"$3,924.51"
Katelyn Green,25,nulla.facilisi@icloud.couk,Brazil,"$1,546.99"
Ingrid Phelps,67,justo.sit@aol.couk,United States,$69.01
Tyler Conrad,95,eu.ultrices.sit@protonmail.ca,Netherlands,"$1,528.90"
Curran Dunn,57,mattis.ornare@google.ca,South Korea,$636.41
Bruce Murphy,49,sed.tortor@outlook.org,Sweden,"$3,792.84"
Marsden Baird,50,amet.faucibus@google.ca,Poland,"$3,685.58"
Medge Roberts,82,purus.sapien@aol.edu,Pakistan,"$4,155.29"
Ahmed Golden,94,eu.ligula@hotmail.ca,Vietnam,"$3,763.42"
Marshall Whitley,93,malesuada@hotmail.couk,China,"$4,610.86"
Deanna Michael,51,euismod.mauris.eu@icloud.org,Norway,"$2,256.25"
Colorado Kemp,66,maecenas@icloud.org,Singapore,"$2,829.26"
Ross Thornton,59,ut.pharetra.sed@aol.org,Spain,"$2,456.71"
Demetria Reed,40,eu@yahoo.couk,Chile,$34.23
